field,value
Business name,Wolverhampton Plumber
Website,https://wolverhamptonplumber.co.uk
WhatsApp,https://wa.me/447405955956
Category 1,Plumbing
Category 2,Home Services
Category 3,Drainage
Short bio,"Wolverhampton Plumber is a Wolverhampton-focused plumbing enquiry website helping people send clearer plumbing enquiries for leaks, blocked toilets, blocked drains, tap issues, kitchen plumbing, bathroom plumbing and water pressure problems."
Long description,"Wolverhampton Plumber helps people describe common plumbing problems clearly before making an enquiry. The website includes guides and enquiry pages for blocked toilets, blocked drains, leaks, kitchen sinks, bathroom plumbing, taps, water pressure and urgent water issues in Wolverhampton and nearby WV areas. Gas work must be handled by a Gas Safe registered engineer."
Disclaimer,"This is a Wolverhampton-focused plumbing enquiry website. Response depends on availability, timing and the details of the enquiry. Gas work must be handled by a Gas Safe registered engineer."
